Comment,Designator,Footprint, LCSC
0.01uF,"C2,C3,C1,C4,C6,C7,C10,C5,C11,C12,C13,C14",Capacitor_SMD:C_1206_3216Metric,C1846
0.1uF,C9,Capacitor_SMD:C_1206_3216Metric,C24497
LED,"D1,D2,D3,D4,D5,D6,D7,D8,D9,D10,D11,D12,D13,D14,D15,D16",LED_SMD:LED_1206_3216Metric,C73550
2N7002,"Q1,Q2,Q3,Q4,Q5,Q10,Q9,Q8,Q7,Q6,Q11,Q12,Q13,Q14,Q15,Q16",Package_TO_SOT_SMD:SOT-23,C8545
200k,R1,Resistor_SMD:R_1206_3216Metric,C37862
240k,"R13,R31,R39",Resistor_SMD:R_1206_3216Metric,C18001
1k,R15,Resistor_SMD:R_1206_3216Metric,C4410
100k,"R16,R18,R14",Resistor_SMD:R_1206_3216Metric,C17900
120k,"R17,R23",Resistor_SMD:R_1206_3216Metric,C17908
300k,"R19,R12",Resistor_SMD:R_1206_3216Metric,C17884
91k,R20,Resistor_SMD:R_1206_3216Metric,C17981
180k,"R21,R29,R37",Resistor_SMD:R_1206_3216Metric,C17923
110k,R22,Resistor_SMD:R_1206_3216Metric,C98724
13K,R24,Resistor_SMD:R_1206_3216Metric,C34847
22k,R26,Resistor_SMD:R_1206_3216Metric,C25830
30k,"R27,R25,R35,R32,R42,R34",Resistor_SMD:R_1206_3216Metric,C17999
330k,R28,Resistor_SMD:R_1206_3216Metric,C17929
18k,"R33,R40",Resistor_SMD:R_1206_3216Metric,C17921
270k,"R36,R30",Resistor_SMD:R_1206_3216Metric,C17940
390k,R38,Resistor_SMD:R_1206_3216Metric,C17933
4.7k,"R4,R5,R3,R2,R6,R11,R10,R7",Resistor_SMD:R_1206_3216Metric,C17936
13k,R41,Resistor_SMD:R_1206_3216Metric,C34847
20k,R43,Resistor_SMD:R_1206_3216Metric,C18003
220k,"R44,R45,R46,R47,R48,R49,R50,R51,R52,R53,R54,R55,R56,R57,R58,R59",Resistor_SMD:R_1206_3216Metric,C17956
510R,"R60,R61,R62,R63,R64,R75,R76,R77,R78,R79,R90,R91,R92,R93,R94,R105",Resistor_SMD:R_1206_3216Metric,C17991
270R,"R70,R71,R72,R73,R74,R85,R86,R87,R88,R89,R100,R101,R102,R103,R104,R107",Resistor_SMD:R_1206_3216Metric,C17941
43k,R8,Resistor_SMD:R_1206_3216Metric,C18013
11k,R9,Resistor_SMD:R_1206_3216Metric,C17906
CD74HC4067M,"U1,U6",Package_SO:SSOP-24_5.3x8.2mm_P0.65mm,C98457
MCP23017_SP,U10,Package_SO:SOIC-28W_7.5x17.9mm_P1.27mm,C47023
MCP6004,"U15,U14,U13,U12",Package_SO:SOIC-14_3.9x8.7mm_P1.27mm,C7378
PCF8574,U2,Package_SO:SOIC-16W_7.5x10.3mm_P1.27mm,C7605
PCA9306,U3,Package_SO:VSSOP-8_2.3x2mm_P0.5mm,C33196
ADS1115IDGS,U4,Package_SO:MSOP-10_3x3mm_P0.5mm,C37593
MCP6001-OT,U5,Package_TO_SOT_SMD:SOT-23-5,C29429
INA194,"U9,U11",Package_TO_SOT_SMD:SOT-23-5,C37807
